{"cameraMode":{"drawMode":0,"name":"Shaded","section":"Shading Mode"},"sceneLighting":false,"audioPlay":false,"sceneViewState":{"m_AlwaysRefresh":false,"showFog":true,"showSkybox":false,"showFlares":true,"showImageEffects":true,"showParticleSystems":true,"showVisualEffectGraphs":true,"m_FxEnabled":true},"in2DMode":false,"pivot":{"x":3.9160501956939699,"y":0.19587144255638123,"z":0.008290708065032959},"rotation":{"x":-0.007622341625392437,"y":0.9919981360435486,"z":-0.10184656828641892,"w":-0.07423960417509079},"size":2.1130940914154054,"orthographic":false}