{"cameraMode":{"drawMode":0,"name":"Shaded","section":"Shading Mode"},"sceneLighting":false,"audioPlay":false,"sceneViewState":{"m_AlwaysRefresh":false,"showFog":true,"showSkybox":false,"showFlares":true,"showImageEffects":true,"showParticleSystems":true,"showVisualEffectGraphs":true,"m_FxEnabled":true},"in2DMode":false,"pivot":{"x":-0.0693732500076294,"y":5.585871696472168,"z":0.008290708065032959},"rotation":{"x":-0.09317012131214142,"y":0.009555317461490631,"z":-0.0008936711237765849,"w":-0.9956067800521851},"size":1.4795738458633423,"orthographic":false}