{"cameraMode":{"drawMode":0,"name":"Shaded","section":"Shading Mode"},"sceneLighting":false,"audioPlay":false,"sceneViewState":{"m_AlwaysRefresh":false,"showFog":true,"showSkybox":false,"showFlares":true,"showImageEffects":true,"showParticleSystems":true,"showVisualEffectGraphs":true,"m_FxEnabled":true},"in2DMode":false,"pivot":{"x":-0.0693732500076294,"y":5.585871696472168,"z":0.008290708065032959},"rotation":{"x":-0.007622341625392437,"y":0.9919981360435486,"z":-0.10184656828641892,"w":-0.07423960417509079},"size":1.4795738458633423,"orthographic":false}