{"cameraMode":{"drawMode":0,"name":"Shaded","section":"Shading Mode"},"sceneLighting":true,"audioPlay":false,"sceneViewState":{"m_AlwaysRefresh":false,"showFog":true,"showSkybox":true,"showFlares":true,"showImageEffects":true,"showParticleSystems":true,"showVisualEffectGraphs":true,"m_FxEnabled":true},"in2DMode":false,"pivot":{"x":1.4535434246063233,"y":7.638620853424072,"z":-12.629270553588868},"rotation":{"x":-0.025801392272114755,"y":-0.02039463445544243,"z":0.000526111398357898,"w":-0.9994606375694275},"size":8.19999885559082,"orthographic":false}